,position,reference_base,alternative_base,frequency,significant,epitope
0,72,A,G,99.96,True,
1,117,C,T,99.82,True,
2,254,A,G,0.17,False,
3,276,A,G,0.17,False,E
4,307,C,T,0.94,True,D
5,340,T,C,0.17,False,
6,389,T,C,0.22,False,A
7,691,A,G,0.17,False,
8,722,A,G,0.2,False,
9,744,A,G,0.17,False,D
10,774,T,C,99.96,True,
11,802,A,G,0.23,False,
12,859,A,G,0.18,False,
13,915,T,C,0.19,False,C
14,999,C,T,99.86,True,
15,1043,A,G,0.18,False,
16,1086,A,G,0.21,False,
17,1213,A,G,0.22,False,
18,1260,A,C,99.94,True,
19,1280,T,C,0.18,False,
20,1458,T,C,0.84,True,
